date_id,agent_id,total_tickets,avg_csat,reopened_count,sla_breach_count
2025-01-10,1,3,3.699999968210856,0,1
2025-01-11,1,3,4.300000031789144,0,0
2025-01-12,1,4,4.100000023841858,0,0
2025-01-13,1,3,3.7333333492279053,0,0
2025-01-14,1,1,3.299999952316284,0,1
2025-01-15,1,3,3.8999999364217124,0,0
2025-01-16,1,6,3.799999992052714,0,1
2025-01-17,1,2,4.1499998569488525,0,0
2025-01-18,1,3,4.0333333015441895,0,1
2025-01-19,1,4,3.849999964237213,0,0
2025-01-20,1,4,3.649999976158142,0,1
2025-01-21,1,4,4.0,0,0
2025-01-22,1,2,4.25,0,0
2025-01-23,1,3,3.699999968210856,0,2
2025-01-24,1,4,3.924999952316284,0,0
2025-01-25,1,2,4.0,0,0
2025-01-26,1,1,4.0,0,0
2025-01-27,1,3,3.9333333174387612,0,0
2025-01-28,1,4,3.949999988079071,0,0
2025-01-29,1,2,4.0,0,0
2025-01-30,1,2,3.5,0,1
2025-01-31,1,4,3.899999976158142,0,3
2025-02-01,1,1,4.300000190734863,0,0
2025-02-02,1,2,4.0000001192092896,0,0
2025-02-03,1,2,3.75,0,1
2025-02-04,1,4,4.050000071525574,0,1
2025-02-05,1,4,3.8500000834465027,0,0
2025-02-06,1,7,3.971428632736206,0,1
2025-02-07,1,5,3.9799999237060546,0,0
2025-02-08,1,2,4.0,0,0
2025-02-09,1,2,3.950000047683716,0,0
2025-02-10,1,4,4.099999904632568,0,0
2025-02-11,1,2,3.75,0,1
2025-02-12,1,3,3.700000047683716,0,0
2025-02-13,1,5,3.959999990463257,0,0
2025-02-14,1,6,4.016666611035665,0,1
2025-02-15,1,3,3.4333333174387612,0,2
2025-02-16,1,2,4.0,0,0
2025-02-17,1,4,3.974999964237213,0,0
2025-02-18,1,2,3.700000047683716,0,0
2025-02-19,1,4,3.774999976158142,0,1
2025-02-20,1,3,3.866666634877523,0,0
2025-02-21,1,3,3.900000015894572,0,1
2025-02-22,1,4,3.75,0,2
2025-02-23,1,4,3.7499999403953552,0,1
2025-02-24,1,3,3.866666634877523,0,1
2025-02-25,1,2,4.150000095367432,0,0
2025-02-26,1,3,3.9999998410542807,0,0
2025-02-27,1,2,3.899999976158142,0,0
2025-02-28,1,2,3.899999976158142,0,0
2025-03-01,1,3,4.300000031789144,0,0
2025-03-02,1,2,4.150000095367432,0,0
2025-03-03,1,4,3.975000023841858,0,0
2025-03-04,1,3,3.866666555404663,0,1
2025-03-05,1,3,3.699999968210856,0,1
2025-03-06,1,4,3.7749999165534973,0,0
2025-03-07,1,2,4.0,0,1
2025-03-08,1,2,4.1499998569488525,0,0
2025-03-09,1,4,4.100000083446503,0,1
2025-03-10,1,4,3.799999952316284,0,0
2025-03-11,1,3,4.133333206176758,0,1
2025-03-12,1,3,3.9666667779286704,0,0
2025-03-13,1,5,4.039999961853027,0,1
2025-03-14,1,2,3.9999998807907104,0,0
2025-03-15,1,4,3.9250000715255737,0,0
2025-03-16,1,1,3.5999999046325684,0,0
2025-03-17,1,2,3.8499999046325684,0,0
2025-03-18,1,3,3.9666666984558105,0,1
2025-03-19,1,3,3.699999968210856,0,1
2025-03-20,1,3,3.599999984105428,0,1
2025-03-21,1,2,3.5,0,1
2025-03-22,1,4,4.025000035762787,0,0
2025-03-23,1,3,4.100000063578288,0,1
2025-03-24,1,2,3.850000023841858,0,0
2025-03-25,1,2,4.049999952316284,0,0
2025-03-26,1,3,3.8999999364217124,0,1
2025-03-27,1,1,3.799999952316284,0,1
2025-03-28,1,3,3.599999984105428,0,1
2025-03-29,1,4,3.875,0,0
2025-03-30,1,3,4.03333322207133,0,0
2025-03-31,1,4,4.175000011920929,0,0
2025-04-01,1,4,4.000000059604645,0,0
2025-04-02,1,3,3.8999999364217124,0,0
2025-04-03,1,3,4.166666666666667,0,0
2025-04-04,1,2,3.5999999046325684,0,1
2025-04-05,1,2,3.700000047683716,0,1
2025-04-06,1,5,4.260000085830688,0,0
2025-04-07,1,4,4.200000047683716,0,0
2025-04-08,1,4,3.899999976158142,0,1
2025-04-09,1,4,4.100000023841858,0,0
2025-04-10,1,3,3.5666666825612388,0,1
2025-01-10,2,6,4.016666611035665,0,0
2025-01-11,2,5,3.959999990463257,0,1
2025-01-12,2,5,3.8399999141693115,0,1
2025-01-13,2,3,4.000000079472859,0,1
2025-01-14,2,5,3.6599999904632567,0,1
2025-01-15,2,6,4.033333381017049,0,0
2025-01-16,2,6,3.8999999364217124,0,0
2025-01-17,2,6,3.7666666507720947,0,0
2025-01-18,2,5,3.9800000190734863,0,1
2025-01-19,2,6,3.799999992052714,0,3
2025-01-20,2,7,3.785714251654489,0,1
2025-01-21,2,4,4.225000023841858,0,0
2025-01-22,2,5,3.8999999523162843,0,0
2025-01-23,2,6,3.9333333174387612,0,0
2025-01-24,2,5,4.040000009536743,0,1
2025-01-25,2,6,3.950000007947286,0,0
2025-01-26,2,3,3.933333396911621,0,0
2025-01-27,2,5,4.060000085830689,0,0
2025-01-28,2,5,3.7,0,1
2025-01-29,2,7,4.071428503308978,0,1
2025-01-30,2,6,4.183333317438762,0,0
2025-01-31,2,7,3.771428550992693,0,0
2025-02-01,2,4,3.875,0,0
2025-02-02,2,6,3.950000007947286,0,0
2025-02-03,2,5,3.780000019073486,0,1
2025-02-04,2,4,4.125,0,0
2025-02-05,2,4,3.649999976158142,0,0
2025-02-06,2,5,3.9400000095367433,0,0
2025-02-07,2,4,4.124999940395355,0,1
2025-02-08,2,3,4.166666587193807,0,0
2025-02-09,2,3,3.9666666984558105,0,1
2025-02-10,2,6,3.9333333571751914,0,1
2025-02-11,2,6,3.866666634877523,0,1
2025-02-12,2,4,4.200000047683716,0,0
2025-02-13,2,5,3.7999999046325685,0,0
2025-02-14,2,5,3.9,0,0
2025-02-15,2,3,3.800000031789144,0,1
2025-02-16,2,3,3.9666666984558105,0,0
2025-02-17,2,4,4.075000047683716,0,0
2025-02-18,2,3,4.166666507720947,0,0
2025-02-19,2,7,3.885714258466448,0,3
2025-02-20,2,4,4.000000059604645,0,1
2025-02-21,2,6,3.933333237965902,0,0
2025-02-22,2,5,4.0,0,1
2025-02-23,2,6,4.033333381017049,0,1
2025-02-24,2,4,4.150000035762787,0,0
2025-02-25,2,6,4.25000003973643,0,0
2025-02-26,2,5,4.180000066757202,0,0
2025-02-27,2,4,4.049999952316284,0,2
2025-02-28,2,5,3.8600000381469726,0,1
2025-03-01,2,3,4.0,0,0
2025-03-02,2,5,4.019999933242798,0,0
2025-03-03,2,4,3.974999964237213,0,0
2025-03-04,2,5,3.759999990463257,0,1
2025-03-05,2,5,3.740000009536743,0,1
2025-03-06,2,5,4.0,0,1
2025-03-07,2,7,3.8428570883614674,0,1
2025-03-08,2,4,3.899999976158142,0,0
2025-03-09,2,3,3.633333365122477,0,2
2025-03-10,2,4,3.600000023841858,0,1
2025-03-11,2,5,4.07999997138977,0,0
2025-03-12,2,6,4.1333333651224775,0,1
2025-03-13,2,6,3.7499999602635703,0,1
2025-03-14,2,5,3.780000019073486,0,1
2025-03-15,2,5,3.7600000381469725,0,1
2025-03-16,2,3,3.8333332538604736,0,0
2025-03-17,2,3,3.933333396911621,0,0
2025-03-18,2,4,3.649999976158142,0,2
2025-03-19,2,5,3.6399999618530274,0,3
2025-03-20,2,6,4.116666714350383,0,1
2025-03-21,2,3,3.799999952316284,0,1
2025-03-22,2,4,3.75,0,0
2025-03-23,2,5,3.959999942779541,0,0
2025-03-24,2,4,3.875,0,0
2025-03-25,2,2,3.850000023841858,0,1
2025-03-26,2,4,3.949999988079071,0,0
2025-03-27,2,2,3.549999952316284,0,0
2025-03-28,2,5,3.8200000286102296,0,0
2025-03-29,2,4,4.150000035762787,0,0
2025-03-30,2,4,3.924999952316284,0,0
2025-03-31,2,5,3.699999952316284,0,0
2025-04-01,2,6,4.1500000556310015,0,0
2025-04-02,2,4,3.899999976158142,0,0
2025-04-03,2,4,4.099999904632568,0,0
2025-04-04,2,3,3.866666634877523,0,0
2025-04-05,2,4,3.9499999284744263,0,0
2025-04-06,2,5,4.3199999809265135,0,0
2025-04-07,2,6,3.9833333492279053,0,0
2025-04-08,2,5,4.019999933242798,0,0
2025-04-09,2,2,4.299999952316284,0,0
2025-04-10,2,6,3.8666666746139526,0,2
2025-01-10,3,5,3.779999923706055,0,1
2025-01-11,3,7,4.028571435383388,0,1
2025-01-12,3,6,3.9833333492279053,0,0
2025-01-13,3,4,4.325000047683716,0,1
2025-01-14,3,5,3.8800000190734862,0,0
2025-01-15,3,5,3.9800000190734863,0,0
2025-01-16,3,7,3.914285727909633,0,0
2025-01-17,3,6,4.1500000556310015,0,0
2025-01-18,3,9,4.066666709052192,0,0
2025-01-19,3,5,3.9799999237060546,0,0
2025-01-20,3,6,3.7833332618077598,0,0
2025-01-21,3,8,4.049999982118607,0,0
2025-01-22,3,6,4.1166666348775225,0,0
2025-01-23,3,5,3.959999990463257,0,1
2025-01-24,3,5,4.100000047683716,0,0
2025-01-25,3,7,4.042857101985386,0,0
2025-01-26,3,6,4.033333420753479,0,0
2025-01-27,3,6,4.200000087420146,0,0
2025-01-28,3,7,4.114285741533552,0,0
2025-01-29,3,8,3.6124999821186066,0,1
2025-01-30,3,5,4.119999885559082,0,0
2025-01-31,3,7,4.028571469443185,0,0
2025-02-01,3,5,3.9199999809265136,0,0
2025-02-02,3,7,4.228571483067104,0,0
2025-02-03,3,10,3.880000042915344,0,1
2025-02-04,3,8,3.9374999701976776,0,0
2025-02-05,3,9,4.055555608537462,0,0
2025-02-06,3,7,4.100000040871756,0,0
2025-02-07,3,6,4.050000031789144,0,0
2025-02-08,3,7,4.028571367263794,0,0
2025-02-09,3,6,3.8666667143503823,0,0
2025-02-10,3,6,3.9166667461395264,0,0
2025-02-11,3,6,3.616666595141093,0,0
2025-02-12,3,7,3.614285639354161,0,1
2025-02-13,3,8,3.9750000536441803,0,0
2025-02-14,3,7,3.971428598676409,0,0
2025-02-15,3,5,3.7,0,0
2025-02-16,3,5,4.1400000095367435,0,0
2025-02-17,3,7,4.142857142857143,0,0
2025-02-18,3,7,3.9571428639548167,0,0
2025-02-19,3,8,4.037499964237213,0,0
2025-02-20,3,7,4.2428571837288995,0,0
2025-02-21,3,7,4.1000000068119595,0,0
2025-02-22,3,5,4.060000038146972,0,0
2025-02-23,3,7,4.0857142720903665,0,0
2025-02-24,3,7,3.9857142652784074,0,1
2025-02-25,3,7,4.128571476255145,0,0
2025-02-26,3,4,3.875,0,1
2025-02-27,3,5,4.040000009536743,0,1
2025-02-28,3,8,3.9249999821186066,0,0
2025-03-01,3,5,3.9400000095367433,0,0
2025-03-02,3,6,3.733333388964335,0,1
2025-03-03,3,6,3.9666666984558105,0,0
2025-03-04,3,6,3.9999999602635703,0,0
2025-03-05,3,6,4.116666674613953,0,1
2025-03-06,3,8,3.8624999821186066,0,0
2025-03-07,3,8,4.0875000059604645,0,0
2025-03-08,3,4,4.025000035762787,0,0
2025-03-09,3,7,3.942857163293021,0,0
2025-03-10,3,8,4.224999934434891,0,0
2025-03-11,3,4,4.225000023841858,0,0
2025-03-12,3,6,3.916666587193807,0,1
2025-03-13,3,7,3.914285727909633,0,2
2025-03-14,3,7,4.014285666601999,0,0
2025-03-15,3,8,4.112500011920929,0,0
2025-03-16,3,5,4.1,0,0
2025-03-17,3,6,3.8500000635782876,0,0
2025-03-18,3,6,3.8666666746139526,0,0
2025-03-19,3,7,3.914285659790039,0,0
2025-03-20,3,7,3.9000000272478377,0,1
2025-03-21,3,5,3.839999961853027,0,1
2025-03-22,3,5,4.060000085830689,0,0
2025-03-23,3,7,4.042857101985386,0,0
2025-03-24,3,7,3.885714292526245,0,1
2025-03-25,3,5,4.100000047683716,0,0
2025-03-26,3,6,3.966666579246521,0,0
2025-03-27,3,3,4.166666666666667,0,0
2025-03-28,3,7,4.214285714285714,0,0
2025-03-29,3,7,4.0857142720903665,0,0
2025-03-30,3,8,3.8125,0,2
2025-03-31,3,4,4.100000023841858,0,0
2025-04-01,3,7,4.0,0,0
2025-04-02,3,5,4.2,0,0
2025-04-03,3,7,3.971428632736206,0,1
2025-04-04,3,6,4.016666650772095,0,0
2025-04-05,3,9,4.033333328035143,0,0
2025-04-06,3,6,4.0666667222976685,0,0
2025-04-07,3,7,4.071428503308978,0,0
2025-04-08,3,7,3.8285714217594693,0,0
2025-04-09,3,6,3.883333365122477,0,1
2025-04-10,3,7,3.85714282308306,0,0
2025-01-10,4,1,3.700000047683716,0,0
2025-01-11,4,2,3.8499999046325684,0,1
2025-01-12,4,1,3.5,0,0
2025-01-13,4,2,3.799999952316284,0,1
2025-01-14,4,1,3.700000047683716,0,1
2025-01-15,4,2,3.799999952316284,0,0
2025-01-16,4,2,3.649999976158142,0,1
2025-01-17,4,1,3.799999952316284,0,0
2025-01-18,4,1,3.700000047683716,0,0
2025-01-19,4,3,3.8333332538604736,0,1
2025-01-20,4,2,4.1000001430511475,0,0
2025-01-21,4,3,3.8333333333333335,0,1
2025-01-22,4,2,3.8000000715255737,0,1
2025-01-23,4,2,4.299999952316284,0,0
2025-01-24,4,1,4.199999809265137,0,0
2025-01-25,4,2,4.200000047683716,0,0
2025-01-26,4,2,4.0000001192092896,0,1
2025-01-27,4,1,4.099999904632568,0,0
2025-01-28,4,2,4.3500001430511475,0,0
2025-01-29,4,3,3.9333333174387612,0,2
2025-01-30,4,4,3.6250000596046448,0,2
2025-02-01,4,2,3.850000023841858,0,0
2025-02-02,4,1,4.099999904632568,0,0
2025-02-03,4,4,3.974999964237213,0,0
2025-02-04,4,3,3.766666571299235,0,0
2025-02-05,4,1,3.9000000953674316,0,0
2025-02-06,4,1,3.700000047683716,0,0
2025-02-07,4,3,3.799999952316284,0,0
2025-02-08,4,1,4.099999904632568,0,0
2025-02-09,4,1,3.700000047683716,0,0
2025-02-10,4,1,4.199999809265137,0,0
2025-02-11,4,3,4.333333333333333,0,0
2025-02-12,4,2,4.200000047683716,0,0
2025-02-13,4,3,3.900000015894572,0,0
2025-02-14,4,1,4.0,0,1
2025-02-15,4,1,4.0,0,0
2025-02-16,4,3,3.5333333015441895,0,1
2025-02-17,4,1,4.300000190734863,0,0
2025-02-18,4,4,3.849999964237213,0,1
2025-02-19,4,2,4.299999952316284,0,0
2025-02-20,4,1,4.199999809265137,0,0
2025-02-21,4,3,3.7333332697550454,0,0
2025-02-22,4,2,4.099999904632568,0,0
2025-02-23,4,1,3.799999952316284,0,0
2025-02-24,4,2,3.899999976158142,0,0
2025-02-26,4,3,4.100000063578288,0,0
2025-02-27,4,4,3.8249999284744263,0,0
2025-02-28,4,1,4.099999904632568,0,0
2025-03-02,4,1,3.799999952316284,0,0
2025-03-03,4,2,4.0,0,1
2025-03-04,4,4,3.849999964237213,0,1
2025-03-05,4,3,3.699999968210856,0,2
2025-03-06,4,4,3.899999976158142,0,1
2025-03-07,4,2,3.700000047683716,0,2
2025-03-08,4,2,3.75,0,0
2025-03-09,4,3,3.3333332538604736,0,3
2025-03-10,4,1,3.799999952316284,0,0
2025-03-12,4,2,4.099999904632568,0,0
2025-03-13,4,1,3.9000000953674316,0,1
2025-03-14,4,2,4.100000023841858,0,0
2025-03-15,4,2,3.75,0,2
2025-03-16,4,2,3.600000023841858,0,1
2025-03-17,4,3,3.866666634877523,0,0
2025-03-18,4,2,3.600000023841858,0,1
2025-03-19,4,3,4.233333428700765,0,1
2025-03-20,4,3,3.6333332856496177,0,0
2025-03-21,4,2,4.200000047683716,0,0
2025-03-23,4,1,3.9000000953674316,0,0
2025-03-24,4,2,3.8499999046325684,0,0
2025-03-25,4,2,3.899999976158142,0,0
2025-03-26,4,3,3.9666666189829507,0,0
2025-03-27,4,1,3.9000000953674316,0,0
2025-03-28,4,1,3.5,0,0
2025-03-29,4,1,4.0,0,0
2025-03-31,4,1,3.700000047683716,0,1
2025-04-01,4,1,4.099999904632568,0,0
2025-04-02,4,2,3.8499999046325684,0,0
2025-04-03,4,1,4.0,0,0
2025-04-04,4,2,3.850000023841858,0,1
2025-04-05,4,1,3.799999952316284,0,0
2025-04-06,4,2,3.6500000953674316,0,1
2025-04-07,4,1,3.9000000953674316,0,0
2025-04-08,4,1,4.199999809265137,0,0
2025-04-09,4,2,3.850000023841858,0,0
2025-04-10,4,3,3.900000015894572,0,1
2025-01-10,5,3,3.8333333333333335,0,1
2025-01-11,5,4,4.025000095367432,0,0
2025-01-12,5,3,3.4333333174387612,0,1
2025-01-13,5,2,4.150000095367432,0,0
2025-01-14,5,3,4.0,0,0
2025-01-15,5,2,4.25,0,0
2025-01-16,5,5,4.100000095367432,0,1
2025-01-17,5,4,3.875,0,0
2025-01-18,5,4,3.900000035762787,0,0
2025-01-19,5,3,3.8333333333333335,0,0
2025-01-20,5,3,3.300000031789144,0,2
2025-01-21,5,4,4.025000035762787,0,1
2025-01-22,5,2,3.549999952316284,0,1
2025-01-23,5,3,3.866666634877523,0,0
2025-01-24,5,2,4.200000047683716,0,0
2025-01-25,5,2,3.950000047683716,0,0
2025-01-26,5,2,4.299999952316284,0,0
2025-01-27,5,3,3.8666667143503823,0,0
2025-01-28,5,3,3.6000000635782876,0,1
2025-01-29,5,3,3.566666603088379,0,1
2025-01-30,5,1,3.5999999046325684,0,0
2025-01-31,5,2,4.1000001430511475,0,0
2025-02-01,5,2,3.75,0,1
2025-02-02,5,4,3.849999964237213,0,1
2025-02-03,5,5,3.640000009536743,0,1
2025-02-04,5,4,4.074999988079071,0,0
2025-02-05,5,1,3.5999999046325684,0,0
2025-02-06,5,4,4.125,0,0
2025-02-07,5,2,3.9499999284744263,0,0
2025-02-08,5,2,3.950000047683716,0,1
2025-02-09,5,1,3.5999999046325684,0,0
2025-02-10,5,2,3.899999976158142,0,1
2025-02-11,5,1,3.9000000953674316,0,0
2025-02-12,5,4,4.050000011920929,0,0
2025-02-13,5,3,3.800000031789144,0,0
2025-02-14,5,1,4.5,0,0
2025-02-15,5,1,4.099999904632568,0,0
2025-02-16,5,4,3.8249999284744263,0,1
2025-02-17,5,3,4.066666682561238,0,0
2025-02-18,5,2,4.100000023841858,0,0
2025-02-19,5,4,3.75,0,1
2025-02-20,5,3,3.9333333174387612,0,0
2025-02-21,5,3,3.8333333333333335,0,0
2025-02-22,5,1,3.5999999046325684,0,0
2025-02-23,5,3,3.3999999364217124,0,1
2025-02-24,5,2,3.950000047683716,0,1
2025-02-25,5,4,3.899999976158142,0,0
2025-02-26,5,3,4.200000047683716,0,0
2025-02-27,5,1,4.199999809265137,0,0
2025-02-28,5,3,3.9333333174387612,0,0
2025-03-01,5,2,3.649999976158142,0,1
2025-03-02,5,2,4.050000071525574,0,0
2025-03-03,5,2,3.4499999284744263,0,1
2025-03-04,5,3,3.8333332538604736,0,2
2025-03-05,5,2,4.099999904632568,0,0
2025-03-06,5,4,4.125,0,1
2025-03-07,5,4,3.975000023841858,0,0
2025-03-08,5,2,3.9000000953674316,0,0
2025-03-09,5,3,3.7333332697550454,0,1
2025-03-10,5,2,4.0000001192092896,0,0
2025-03-11,5,3,3.9000000953674316,0,1
2025-03-12,5,1,4.0,0,0
2025-03-13,5,3,3.8999999364217124,0,0
2025-03-14,5,2,3.950000047683716,0,0
2025-03-15,5,3,3.7999998728434243,0,1
2025-03-16,5,5,3.6,0,3
2025-03-17,5,1,4.400000095367432,0,0
2025-03-18,5,4,4.100000023841858,0,0
2025-03-19,5,4,4.074999928474426,0,0
2025-03-20,5,5,3.940000057220459,0,2
2025-03-21,5,2,3.9499999284744263,0,0
2025-03-22,5,2,3.950000047683716,0,0
2025-03-23,5,4,3.649999976158142,0,1
2025-03-24,5,4,3.6999999284744263,0,3
2025-03-26,5,4,4.024999976158142,0,1
2025-03-27,5,2,4.099999904632568,0,0
2025-03-28,5,4,3.599999964237213,0,1
2025-03-29,5,3,3.8666667143503823,0,0
2025-03-30,5,4,3.974999964237213,0,0
2025-03-31,5,1,4.099999904632568,0,0
2025-04-01,5,1,3.0999999046325684,0,1
2025-04-02,5,2,3.9000000953674316,0,0
2025-04-03,5,2,4.200000047683716,0,0
2025-04-04,5,4,3.925000011920929,0,1
2025-04-05,5,4,3.975000023841858,0,0
2025-04-06,5,3,3.8333333333333335,0,0
2025-04-07,5,6,3.899999976158142,0,1
2025-04-08,5,3,3.933333396911621,0,0
2025-04-09,5,4,3.849999964237213,0,0
2025-04-10,5,5,3.6799999713897704,0,1
2025-01-10,6,3,3.900000015894572,0,1
2025-01-11,6,5,3.8799999713897706,0,1
2025-01-12,6,4,3.8000000715255737,0,1
2025-01-13,6,4,3.899999976158142,0,1
2025-01-14,6,6,3.9833333094914756,0,0
2025-01-15,6,7,4.028571401323591,0,0
2025-01-16,6,3,4.099999984105428,0,0
2025-01-17,6,2,3.950000047683716,0,0
2025-01-18,6,5,4.1400000095367435,0,0
2025-01-19,6,5,4.0800000667572025,0,0
2025-01-20,6,2,4.3500001430511475,0,0
2025-01-21,6,5,3.7,0,1
2025-01-22,6,4,4.050000071525574,0,0
2025-01-23,6,5,3.8199999809265135,0,0
2025-01-24,6,4,4.024999976158142,0,0
2025-01-25,6,5,3.8400000095367433,0,0
2025-01-26,6,3,4.033333381017049,0,0
2025-01-27,6,2,4.299999952316284,0,0
2025-01-28,6,3,3.9666666189829507,0,0
2025-01-29,6,9,3.933333396911621,0,3
2025-01-30,6,5,4.059999990463257,0,0
2025-01-31,6,4,4.150000035762787,0,1
2025-02-01,6,6,3.7666666905085244,0,1
2025-02-02,6,8,3.737499922513962,0,4
2025-02-03,6,3,4.166666825612386,0,0
2025-02-04,6,4,3.925000011920929,0,1
2025-02-05,6,4,3.9750000834465027,0,1
2025-02-06,6,6,4.033333381017049,0,0
2025-02-07,6,6,3.6333332459131875,0,2
2025-02-08,6,2,4.050000071525574,0,0
2025-02-09,6,4,3.925000011920929,0,0
2025-02-10,6,5,3.9799999713897707,0,0
2025-02-11,6,5,4.099999952316284,0,0
2025-02-12,6,6,3.8666667143503823,0,1
2025-02-13,6,6,3.866666634877523,0,2
2025-02-14,6,4,4.0,0,1
2025-02-15,6,5,3.799999952316284,0,0
2025-02-16,6,5,3.959999990463257,0,1
2025-02-17,6,5,3.8999999523162843,0,2
2025-02-18,6,1,4.300000190734863,0,0
2025-02-19,6,5,3.8200000286102296,0,0
2025-02-20,6,2,3.6999999284744263,0,0
2025-02-21,6,5,4.2,0,0
2025-02-22,6,6,4.016666650772095,0,1
2025-02-23,6,6,3.8666666746139526,0,0
2025-02-24,6,6,3.8833332856496177,0,0
2025-02-25,6,6,4.016666730244954,0,2
2025-02-26,6,2,3.8499999046325684,0,1
2025-02-27,6,4,3.899999976158142,0,1
2025-02-28,6,6,3.5833332935969033,0,1
2025-03-01,6,3,4.1333333651224775,0,0
2025-03-02,6,3,3.8333333333333335,0,1
2025-03-03,6,6,4.033333420753479,0,1
2025-03-04,6,7,3.9857142993382046,0,1
2025-03-05,6,5,4.159999990463257,0,0
2025-03-06,6,6,3.883333365122477,0,1
2025-03-07,6,6,3.916666626930237,0,1
2025-03-08,6,5,4.000000047683716,0,0
2025-03-09,6,5,4.139999914169311,0,0
2025-03-10,6,5,4.300000095367432,0,0
2025-03-11,6,5,3.8,0,1
2025-03-12,6,4,3.699999988079071,0,1
2025-03-13,6,2,4.25,0,0
2025-03-14,6,5,3.9799999237060546,0,0
2025-03-15,6,5,3.9199999809265136,0,1
2025-03-16,6,5,3.9399999618530273,0,0
2025-03-17,6,5,3.9600000381469727,0,0
2025-03-18,6,5,3.8399999141693115,0,1
2025-03-19,6,7,3.885714292526245,0,0
2025-03-20,6,5,4.1200000762939455,0,1
2025-03-21,6,3,3.7333332697550454,0,0
2025-03-22,6,4,4.300000071525574,0,0
2025-03-23,6,4,3.900000035762787,0,0
2025-03-24,6,7,3.9285713945116316,0,1
2025-03-25,6,5,4.099999952316284,0,0
2025-03-26,6,4,3.7499999403953552,0,1
2025-03-27,6,4,3.899999976158142,0,0
2025-03-28,6,7,4.057142870766776,0,0
2025-03-29,6,3,4.100000063578288,0,0
2025-03-30,6,3,4.233333349227905,0,1
2025-03-31,6,5,4.020000028610229,0,1
2025-04-01,6,4,3.775000035762787,0,2
2025-04-02,6,4,4.175000071525574,0,1
2025-04-03,6,2,4.150000095367432,0,0
2025-04-04,6,5,4.0,0,2
2025-04-05,6,4,3.899999976158142,0,1
2025-04-06,6,5,3.959999990463257,0,0
2025-04-07,6,6,3.9166666666666665,0,1
2025-04-08,6,6,3.9166667064030967,0,1
2025-04-09,6,3,3.8666667143503823,0,0
2025-04-10,6,4,4.024999976158142,0,0
2025-01-10,7,9,4.044444455040826,0,1
2025-01-11,7,5,4.219999980926514,0,0
2025-01-12,7,7,3.9571428298950195,0,0
2025-01-13,7,6,3.8166666428248086,0,0
2025-01-14,7,6,3.949999968210856,0,0
2025-01-15,7,7,3.9571427617754256,0,0
2025-01-16,7,7,3.999999965940203,0,1
2025-01-17,7,7,3.9571428639548167,0,0
2025-01-18,7,6,4.166666666666667,0,0
2025-01-19,7,5,4.2399999618530275,0,0
2025-01-20,7,7,4.071428605488369,0,0
2025-01-21,7,7,3.914285659790039,0,0
2025-01-22,7,6,3.949999968210856,0,0
2025-01-23,7,8,3.8375000059604645,0,0
2025-01-24,7,5,3.8800000190734862,0,1
2025-01-25,7,5,4.100000047683716,0,0
2025-01-26,7,4,4.075000107288361,0,1
2025-01-27,7,2,4.300000190734863,0,0
2025-01-28,7,5,4.040000009536743,0,0
2025-01-29,7,10,4.170000052452087,0,1
2025-01-30,7,6,4.0999999443689985,0,1
2025-01-31,7,6,4.116666674613953,0,0
2025-02-01,7,3,4.0,0,0
2025-02-02,7,8,3.950000047683716,0,0
2025-02-03,7,8,4.187500029802322,0,0
2025-02-04,7,7,3.7571427822113037,0,1
2025-02-05,7,5,4.080000114440918,0,1
2025-02-06,7,8,4.050000041723251,0,1
2025-02-07,7,2,3.649999976158142,0,0
2025-02-08,7,3,3.933333237965902,0,0
2025-02-09,7,7,4.042857101985386,0,0
2025-02-10,7,7,3.971428564616612,0,0
2025-02-11,7,5,3.759999990463257,0,0
2025-02-12,7,6,3.983333388964335,0,0
2025-02-13,7,10,3.949999976158142,0,0
2025-02-14,7,5,3.819999933242798,0,1
2025-02-15,7,5,3.780000019073486,0,0
2025-02-16,7,6,4.033333381017049,0,0
2025-02-17,7,6,3.950000047683716,0,1
2025-02-18,7,5,4.039999961853027,0,0
2025-02-19,7,9,4.077777809566921,0,0
2025-02-20,7,7,3.85714282308306,0,0
2025-02-21,7,7,4.042857136045184,0,0
2025-02-22,7,5,3.8200000286102296,0,0
2025-02-23,7,6,3.8166666428248086,0,0
2025-02-24,7,6,3.983333388964335,0,0
2025-02-25,7,7,4.042857136045184,0,0
2025-02-26,7,5,3.980000066757202,0,0
2025-02-27,7,6,3.9499999284744263,0,0
2025-02-28,7,7,3.8285714217594693,0,1
2025-03-01,7,4,3.650000035762787,0,0
2025-03-02,7,4,4.225000023841858,0,0
2025-03-03,7,5,4.0,0,0
2025-03-04,7,9,3.844444433848063,0,1
2025-03-05,7,6,3.799999952316284,0,1
2025-03-06,7,6,4.033333381017049,0,0
2025-03-07,7,7,3.971428598676409,0,0
2025-03-08,7,6,3.9666666189829507,0,0
2025-03-09,7,7,3.7571428503308977,0,2
2025-03-10,7,8,4.074999988079071,0,1
2025-03-11,7,6,3.783333341280619,0,0
2025-03-12,7,6,3.666666626930237,0,1
2025-03-13,7,8,4.049999982118607,0,0
2025-03-14,7,4,4.000000059604645,0,0
2025-03-15,7,10,3.9700000286102295,0,0
2025-03-16,7,6,4.066666642824809,0,0
2025-03-17,7,5,3.859999942779541,0,0
2025-03-18,7,6,3.949999968210856,0,1
2025-03-19,7,7,4.028571401323591,0,1
2025-03-20,7,4,4.024999976158142,0,0
2025-03-21,7,3,3.866666634877523,0,0
2025-03-22,7,6,3.9333332777023315,0,0
2025-03-23,7,4,4.199999928474426,0,0
2025-03-24,7,7,3.8999999931880405,0,1
2025-03-25,7,6,4.050000031789144,0,0
2025-03-26,7,4,3.975000023841858,0,0
2025-03-27,7,2,3.649999976158142,0,0
2025-03-28,7,7,4.0428571701049805,0,0
2025-03-29,7,7,3.971428564616612,0,0
2025-03-30,7,9,3.966666671964857,0,0
2025-03-31,7,2,4.099999904632568,0,0
2025-04-01,7,8,3.9375,0,1
2025-04-02,7,4,3.600000023841858,0,1
2025-04-03,7,5,3.5399999618530273,0,2
2025-04-04,7,7,4.099999972752163,0,1
2025-04-05,7,6,4.1166666348775225,0,0
2025-04-06,7,8,3.9874999821186066,0,0
2025-04-07,7,5,3.980000066757202,0,1
2025-04-08,7,5,3.719999980926514,0,0
2025-04-09,7,4,3.925000011920929,0,0
2025-04-10,7,9,3.9666666189829507,0,0
2025-01-10,8,2,4.200000047683716,0,0
2025-01-11,8,3,4.099999984105428,0,0
2025-01-12,8,2,4.0,0,0
2025-01-13,8,3,4.0,0,2
2025-01-14,8,2,3.8499999046325684,0,1
2025-01-15,8,1,3.9000000953674316,0,0
2025-01-16,8,3,3.8333333333333335,0,1
2025-01-17,8,1,3.9000000953674316,0,0
2025-01-18,8,3,3.766666571299235,0,1
2025-01-19,8,1,3.200000047683716,0,1
2025-01-20,8,3,3.599999984105428,0,2
2025-01-21,8,2,3.6499998569488525,0,1
2025-01-22,8,2,3.950000047683716,0,0
2025-01-23,8,2,3.799999952316284,0,1
2025-01-25,8,2,4.100000023841858,0,0
2025-01-26,8,2,3.649999976158142,0,2
2025-01-28,8,1,4.5,0,0
2025-01-29,8,2,4.049999952316284,0,1
2025-01-30,8,3,3.5333333810170493,0,2
2025-01-31,8,2,4.200000047683716,0,0
2025-02-01,8,1,4.300000190734863,0,0
2025-02-02,8,2,4.1000001430511475,0,0
2025-02-03,8,3,3.7333333492279053,0,1
2025-02-04,8,2,3.75,0,0
2025-02-05,8,2,3.549999952316284,0,1
2025-02-06,8,2,4.099999904632568,0,0
2025-02-08,8,1,4.099999904632568,0,0
2025-02-09,8,2,4.349999904632568,0,0
2025-02-10,8,2,4.149999976158142,0,0
2025-02-11,8,1,4.400000095367432,0,0
2025-02-12,8,1,3.5999999046325684,0,0
2025-02-13,8,2,4.0,0,0
2025-02-14,8,1,3.799999952316284,0,0
2025-02-15,8,2,3.649999976158142,0,0
2025-02-17,8,1,3.5999999046325684,0,0
2025-02-18,8,3,4.066666682561238,0,1
2025-02-19,8,4,4.075000107288361,0,1
2025-02-21,8,3,3.800000031789144,0,0
2025-02-22,8,1,4.099999904632568,0,0
2025-02-23,8,3,3.8999999364217124,0,1
2025-02-24,8,1,4.300000190734863,0,0
2025-02-25,8,2,4.0,0,1
2025-02-27,8,4,3.974999964237213,0,0
2025-02-28,8,3,3.799999952316284,0,1
2025-03-01,8,1,3.700000047683716,0,0
2025-03-02,8,2,4.100000023841858,0,1
2025-03-03,8,3,3.4666666189829507,0,2
2025-03-04,8,1,4.300000190734863,0,0
2025-03-05,8,1,3.700000047683716,0,0
2025-03-06,8,1,4.0,0,0
2025-03-07,8,2,3.850000023841858,0,1
2025-03-08,8,1,3.700000047683716,0,1
2025-03-09,8,2,3.899999976158142,0,0
2025-03-10,8,2,3.700000047683716,0,0
2025-03-11,8,2,4.049999952316284,0,0
2025-03-12,8,2,4.25,0,0
2025-03-13,8,1,3.799999952316284,0,0
2025-03-14,8,2,4.200000047683716,0,0
2025-03-16,8,1,4.099999904632568,0,0
2025-03-17,8,1,3.799999952316284,0,0
2025-03-19,8,3,3.699999968210856,0,1
2025-03-20,8,1,3.4000000953674316,0,1
2025-03-21,8,2,4.300000190734863,0,0
2025-03-22,8,2,4.050000071525574,0,1
2025-03-23,8,3,3.933333396911621,0,0
2025-03-25,8,1,3.0,0,1
2025-03-26,8,3,3.8333333333333335,0,1
2025-03-27,8,1,4.400000095367432,0,0
2025-03-28,8,3,3.8666667143503823,0,0
2025-03-29,8,1,4.0,0,0
2025-03-30,8,4,3.599999964237213,0,1
2025-03-31,8,2,4.200000047683716,0,0
2025-04-01,8,1,3.700000047683716,0,0
2025-04-02,8,2,3.7500001192092896,0,1
2025-04-03,8,2,4.25,0,0
2025-04-04,8,1,3.4000000953674316,0,1
2025-04-05,8,2,4.150000095367432,0,1
2025-04-06,8,1,3.200000047683716,0,1
2025-04-07,8,3,3.866666634877523,0,1
2025-04-08,8,2,3.75,0,0
2025-04-10,8,1,3.799999952316284,0,0
2025-01-10,9,2,3.700000047683716,0,1
2025-01-11,9,1,3.5,0,0
2025-01-12,9,3,3.9333333174387612,0,0
2025-01-13,9,4,3.849999964237213,0,0
2025-01-14,9,3,3.700000047683716,0,1
2025-01-15,9,3,4.0,0,0
2025-01-16,9,4,3.8750000596046448,0,0
2025-01-17,9,3,3.4666666189829507,0,1
2025-01-18,9,3,3.7666667302449546,0,1
2025-01-19,9,2,4.299999952316284,0,0
2025-01-20,9,2,3.7500001192092896,0,1
2025-01-21,9,4,3.849999964237213,0,1
2025-01-22,9,3,3.866666555404663,0,1
2025-01-23,9,2,3.8499999046325684,0,0
2025-01-24,9,1,4.300000190734863,0,0
2025-01-25,9,4,3.9249998927116394,0,0
2025-01-26,9,1,4.400000095367432,0,0
2025-01-27,9,1,4.099999904632568,0,0
2025-01-28,9,3,4.066666682561238,0,1
2025-01-29,9,5,3.859999942779541,0,1
2025-01-30,9,3,3.6333332856496177,0,0
2025-01-31,9,4,4.25,0,0
2025-02-01,9,2,3.9000000953674316,0,1
2025-02-02,9,4,3.950000047683716,0,0
2025-02-03,9,3,4.099999904632568,0,0
2025-02-04,9,4,4.0,0,1
2025-02-05,9,3,3.7333333492279053,0,0
2025-02-06,9,4,4.050000011920929,0,0
2025-02-07,9,2,3.8999998569488525,0,0
2025-02-08,9,3,3.866666634877523,0,0
2025-02-09,9,3,3.866666634877523,0,0
2025-02-10,9,3,3.800000031789144,0,0
2025-02-11,9,3,4.3666666348775225,0,0
2025-02-12,9,4,3.7750000953674316,0,1
2025-02-13,9,2,4.0,0,0
2025-02-14,9,4,4.2500001192092896,0,0
2025-02-15,9,2,3.8000000715255737,0,1
2025-02-16,9,1,3.5999999046325684,0,1
2025-02-17,9,2,3.8500001430511475,0,1
2025-02-18,9,4,3.725000023841858,0,3
2025-02-19,9,3,4.000000079472859,0,0
2025-02-20,9,4,3.800000011920929,0,1
2025-02-21,9,6,4.03333334128062,0,1
2025-02-22,9,2,4.25,0,0
2025-02-23,9,3,3.900000015894572,0,1
2025-02-24,9,2,4.150000095367432,0,0
2025-02-25,9,3,3.8333333333333335,0,0
2025-02-26,9,2,4.050000071525574,0,0
2025-02-27,9,4,3.9499999284744263,0,0
2025-02-28,9,3,3.9333333174387612,0,0
2025-03-01,9,3,4.099999904632568,0,0
2025-03-02,9,3,3.7666666507720947,0,0
2025-03-03,9,3,4.066666762034099,0,0
2025-03-04,9,4,3.800000011920929,0,0
2025-03-05,9,5,3.859999895095825,0,1
2025-03-06,9,3,3.7666667302449546,0,0
2025-03-07,9,5,3.8800000190734862,0,0
2025-03-08,9,4,4.0249998569488525,0,1
2025-03-09,9,2,3.8499999046325684,0,0
2025-03-10,9,4,4.000000059604645,0,1
2025-03-11,9,3,3.699999968210856,0,1
2025-03-12,9,3,3.9666666984558105,0,1
2025-03-13,9,3,4.0333333015441895,0,0
2025-03-14,9,5,4.019999980926514,0,0
2025-03-15,9,6,3.700000047683716,0,1
2025-03-16,9,2,4.099999904632568,0,1
2025-03-17,9,4,3.825000047683716,0,2
2025-03-18,9,3,4.099999984105428,0,0
2025-03-19,9,3,4.199999968210856,0,0
2025-03-20,9,1,3.799999952316284,0,0
2025-03-21,9,4,3.799999952316284,0,0
2025-03-22,9,1,3.0,0,1
2025-03-23,9,3,3.900000015894572,0,0
2025-03-24,9,4,4.25,0,0
2025-03-25,9,4,3.824999988079071,0,0
2025-03-26,9,5,4.059999990463257,0,1
2025-03-27,9,3,3.99999992052714,0,0
2025-03-28,9,2,4.150000095367432,0,0
2025-03-29,9,4,4.099999964237213,0,0
2025-03-30,9,4,4.000000059604645,0,1
2025-03-31,9,3,3.933333396911621,0,0
2025-04-01,9,3,3.799999952316284,0,1
2025-04-02,9,2,4.050000071525574,0,0
2025-04-03,9,3,4.000000079472859,0,0
2025-04-04,9,3,4.1333333651224775,0,0
2025-04-05,9,5,3.7199999332427978,0,0
2025-04-06,9,3,4.066666603088379,0,1
2025-04-07,9,3,3.900000015894572,0,0
2025-04-08,9,4,3.924999952316284,0,1
2025-04-09,9,2,4.0,0,0
2025-04-10,9,2,4.050000071525574,0,0
2025-01-10,10,3,4.066666762034099,0,0
2025-01-11,10,5,4.040000104904175,0,0
2025-01-12,10,1,4.099999904632568,0,0
2025-01-13,10,5,3.859999990463257,0,0
2025-01-14,10,6,3.866666634877523,0,1
2025-01-15,10,3,3.633333365122477,0,1
2025-01-16,10,5,4.059999990463257,0,0
2025-01-17,10,5,3.800000047683716,0,2
2025-01-18,10,4,3.774999976158142,0,0
2025-01-19,10,5,3.9199999809265136,0,0
2025-01-20,10,7,3.942857095173427,0,1
2025-01-21,10,8,3.8499999940395355,0,1
2025-01-22,10,5,4.200000143051147,0,0
2025-01-23,10,7,3.9142857619694302,0,0
2025-01-24,10,4,3.899999976158142,0,0
2025-01-25,10,4,3.8749999403953552,0,1
2025-01-26,10,3,3.599999984105428,0,0
2025-01-27,10,3,3.7999998728434243,0,0
2025-01-28,10,3,4.133333285649617,0,0
2025-01-29,10,5,3.7800000667572022,0,2
2025-01-30,10,4,3.5749999284744263,0,1
2025-01-31,10,3,4.333333333333333,0,0
2025-02-01,10,4,3.75,0,1
2025-02-02,10,8,3.75,0,1
2025-02-03,10,8,3.924999922513962,0,1
2025-02-04,10,5,3.800000047683716,0,1
2025-02-05,10,5,4.080000019073486,0,1
2025-02-06,10,6,3.900000015894572,0,0
2025-02-07,10,2,4.3500001430511475,0,0
2025-02-08,10,2,3.9499999284744263,0,0
2025-02-09,10,3,4.166666666666667,0,0
2025-02-10,10,4,3.8999999165534973,0,0
2025-02-11,10,4,3.800000011920929,0,0
2025-02-12,10,3,3.866666634877523,0,0
2025-02-13,10,6,3.799999952316284,0,0
2025-02-14,10,6,3.966666658719381,0,0
2025-02-15,10,6,3.75,0,1
2025-02-16,10,4,3.674999952316284,0,1
2025-02-17,10,3,3.799999952316284,0,1
2025-02-18,10,4,3.725000023841858,0,1
2025-02-19,10,6,3.900000015894572,0,1
2025-02-20,10,3,4.033333381017049,0,1
2025-02-21,10,5,4.0,0,0
2025-02-22,10,3,4.233333428700765,0,0
2025-02-23,10,4,3.8249999284744263,0,0
2025-02-24,10,6,3.7166666984558105,0,3
2025-02-25,10,5,3.780000019073486,0,0
2025-02-26,10,1,4.300000190734863,0,0
2025-02-27,10,4,3.7499999403953552,0,0
2025-02-28,10,7,3.7285714149475098,0,1
2025-03-01,10,4,3.975000023841858,0,0
2025-03-02,10,3,3.9666666984558105,0,0
2025-03-03,10,3,3.900000015894572,0,0
2025-03-04,10,6,4.099999984105428,0,0
2025-03-05,10,5,3.9999999523162844,0,0
2025-03-06,10,6,3.950000007947286,0,0
2025-03-07,10,7,3.742857115609305,0,2
2025-03-08,10,5,3.759999990463257,0,2
2025-03-09,10,6,3.9666667381922402,0,1
2025-03-10,10,7,4.000000034059797,0,1
2025-03-11,10,5,4.1999999523162845,0,0
2025-03-12,10,3,4.0333333015441895,0,0
2025-03-13,10,5,3.940000057220459,0,1
2025-03-14,10,5,3.839999961853027,0,0
2025-03-15,10,5,4.079999923706055,0,0
2025-03-16,10,5,3.8800000190734862,0,0
2025-03-17,10,6,3.9166666666666665,0,1
2025-03-18,10,6,3.8166666428248086,0,1
2025-03-19,10,5,3.6800000190734865,0,0
2025-03-20,10,6,4.0,0,1
2025-03-21,10,4,3.975000023841858,0,0
2025-03-22,10,6,4.016666650772095,0,1
2025-03-23,10,5,3.859999895095825,0,1
2025-03-24,10,5,3.899999904632568,0,2
2025-03-25,10,3,3.900000015894572,0,0
2025-03-26,10,2,4.099999904632568,0,0
2025-03-27,10,3,4.0333333015441895,0,1
2025-03-28,10,4,3.850000023841858,0,1
2025-03-29,10,6,3.9000000953674316,0,0
2025-03-30,10,5,4.179999971389771,0,0
2025-03-31,10,6,3.8500001033147178,0,2
2025-04-01,10,5,3.6599999904632567,0,1
2025-04-02,10,4,3.899999976158142,0,1
2025-04-03,10,4,3.799999952316284,0,0
2025-04-04,10,3,3.800000031789144,0,0
2025-04-05,10,3,4.0,0,0
2025-04-06,10,6,4.150000015894572,0,0
2025-04-07,10,4,4.0,0,0
2025-04-08,10,6,3.7499999602635703,0,0
2025-04-09,10,4,3.949999988079071,0,1
2025-04-10,10,3,3.800000031789144,0,1
2025-01-10,11,8,4.050000011920929,0,0
2025-01-11,11,7,4.014285734721592,0,0
2025-01-12,11,4,3.8999999165534973,0,0
2025-01-13,11,6,3.7666666905085244,0,1
2025-01-14,11,8,3.875,0,0
2025-01-15,11,9,3.9111110634273953,0,0
2025-01-16,11,8,3.9624999463558197,0,0
2025-01-17,11,6,4.016666571299235,0,1
2025-01-18,11,6,3.8833333253860474,0,0
2025-01-19,11,5,3.8999999523162843,0,0
2025-01-20,11,6,3.6999999284744263,0,1
2025-01-21,11,9,3.888888888888889,0,0
2025-01-22,11,7,4.214285714285714,0,0
2025-01-23,11,10,4.070000028610229,0,1
2025-01-24,11,5,3.6199999809265138,0,1
2025-01-25,11,4,4.024999976158142,0,0
2025-01-26,11,6,3.799999952316284,0,0
2025-01-27,11,6,4.016666611035665,0,0
2025-01-28,11,5,4.0,0,1
2025-01-29,11,8,3.9249999821186066,0,0
2025-01-30,11,6,3.9833333094914756,0,0
2025-01-31,11,6,3.950000007947286,0,0
2025-02-01,11,6,3.8333333333333335,0,0
2025-02-02,11,8,3.9375,0,0
2025-02-03,11,8,3.9999999701976776,0,1
2025-02-04,11,7,3.9857142652784074,0,1
2025-02-05,11,5,3.9599998950958253,0,0
2025-02-06,11,9,4.066666709052192,0,0
2025-02-07,11,6,3.849999984105428,0,1
2025-02-08,11,6,4.083333373069763,0,0
2025-02-09,11,5,3.9400000095367433,0,0
2025-02-10,11,7,4.0,0,1
2025-02-11,11,7,4.014285734721592,0,1
2025-02-12,11,5,3.800000047683716,0,0
2025-02-13,11,7,3.8857143265860423,0,1
2025-02-14,11,7,3.8999999250684465,0,0
2025-02-15,11,5,3.980000066757202,0,2
2025-02-16,11,5,4.160000038146973,0,0
2025-02-17,11,6,3.849999984105428,0,0
2025-02-18,11,5,4.240000009536743,0,0
2025-02-19,11,9,4.055555529064602,0,0
2025-02-20,11,6,3.9833333492279053,0,1
2025-02-21,11,8,4.049999922513962,0,0
2025-02-22,11,5,4.019999980926514,0,0
2025-02-23,11,7,3.8142857551574707,0,0
2025-02-24,11,7,3.9571428639548167,0,0
2025-02-25,11,7,3.8428571224212646,0,0
2025-02-26,11,5,3.959999990463257,0,0
2025-02-27,11,5,3.9199999809265136,0,0
2025-02-28,11,7,3.971428496497018,0,0
2025-03-01,11,7,4.099999972752163,0,0
2025-03-02,11,4,4.000000059604645,0,0
2025-03-03,11,8,3.9999999701976776,0,0
2025-03-04,11,7,4.228571483067104,0,0
2025-03-05,11,5,4.0,0,0
2025-03-06,11,5,3.9,0,0
2025-03-07,11,6,4.033333381017049,0,0
2025-03-08,11,7,3.771428550992693,0,2
2025-03-09,11,8,3.900000035762787,0,1
2025-03-10,11,9,3.777777804268731,0,1
2025-03-11,11,5,4.080000019073486,0,0
2025-03-12,11,5,3.9799999713897707,0,0
2025-03-13,11,6,3.8166666428248086,0,0
2025-03-14,11,8,4.137500017881393,0,1
2025-03-15,11,4,4.100000023841858,0,0
2025-03-16,11,6,4.166666706403096,0,0
2025-03-17,11,6,4.049999912579854,0,0
2025-03-18,11,7,3.9857142993382046,0,0
2025-03-19,11,4,3.775000035762787,0,0
2025-03-20,11,3,4.000000079472859,0,0
2025-03-21,11,5,3.839999961853027,0,0
2025-03-22,11,5,3.9200000762939453,0,0
2025-03-23,11,6,3.800000031789144,0,1
2025-03-24,11,8,4.174999922513962,0,0
2025-03-25,11,3,3.9000000953674316,0,0
2025-03-26,11,5,4.259999942779541,0,0
2025-03-27,11,5,4.239999914169312,0,0
2025-03-28,11,9,4.077777862548828,0,2
2025-03-29,11,9,4.0666665765974255,0,0
2025-03-30,11,7,4.000000034059797,0,1
2025-03-31,11,6,3.9166666666666665,0,1
2025-04-01,11,7,3.8285714217594693,0,1
2025-04-02,11,3,4.200000047683716,0,0
2025-04-03,11,5,3.9799999237060546,0,0
2025-04-04,11,6,3.916666626930237,0,1
2025-04-05,11,7,3.85714282308306,0,0
2025-04-06,11,5,3.9200000762939453,0,1
2025-04-07,11,7,3.9857143333980014,0,1
2025-04-08,11,5,3.740000009536743,0,0
2025-04-09,11,4,3.8249999284744263,0,0
2025-04-10,11,9,3.955555518468221,0,1
2025-01-10,12,1,3.700000047683716,0,0
2025-01-11,12,2,3.799999952316284,0,0
2025-01-12,12,1,3.5,0,1
2025-01-13,12,3,3.7333332697550454,0,1
2025-01-14,12,3,3.7333332697550454,0,0
2025-01-16,12,2,4.100000023841858,0,1
2025-01-17,12,1,3.5999999046325684,0,1
2025-01-18,12,2,3.75,0,0
2025-01-19,12,2,3.950000047683716,0,0
2025-01-20,12,2,3.75,0,1
2025-01-21,12,1,3.9000000953674316,0,0
2025-01-22,12,2,3.799999952316284,0,0
2025-01-25,12,2,3.700000047683716,0,1
2025-01-26,12,1,3.0999999046325684,0,1
2025-01-27,12,1,3.200000047683716,0,1
2025-01-28,12,2,3.5,0,1
2025-01-30,12,1,3.5999999046325684,0,0
2025-01-31,12,3,3.866666634877523,0,1
2025-02-01,12,2,4.100000023841858,0,0
2025-02-02,12,2,3.450000047683716,0,1
2025-02-03,12,3,3.9666666984558105,0,0
2025-02-04,12,1,3.0999999046325684,0,1
2025-02-05,12,1,4.199999809265137,0,0
2025-02-06,12,3,3.8666667143503823,0,1
2025-02-10,12,2,3.4499999284744263,0,1
2025-02-11,12,1,3.700000047683716,0,0
2025-02-12,12,1,4.300000190734863,0,0
2025-02-13,12,3,3.8333333333333335,0,0
2025-02-14,12,1,4.099999904632568,0,0
2025-02-15,12,3,4.066666603088379,0,0
2025-02-16,12,2,3.5999999046325684,0,0
2025-02-18,12,2,4.25,0,0
2025-02-19,12,2,3.799999952316284,0,0
2025-02-20,12,2,3.950000047683716,0,0
2025-02-21,12,3,3.666666587193807,0,1
2025-02-22,12,1,4.400000095367432,0,0
2025-02-23,12,1,3.0999999046325684,0,1
2025-02-24,12,1,4.5,0,0
2025-02-25,12,4,3.800000011920929,0,1
2025-02-26,12,1,3.700000047683716,0,0
2025-02-27,12,3,3.9666666984558105,0,0
2025-02-28,12,2,3.6999999284744263,0,1
2025-03-01,12,2,3.6999999284744263,0,1
2025-03-02,12,2,4.299999952316284,0,0
2025-03-03,12,2,4.150000095367432,0,0
2025-03-04,12,2,4.100000023841858,0,0
2025-03-05,12,1,4.400000095367432,0,0
2025-03-06,12,1,3.9000000953674316,0,0
2025-03-07,12,1,3.799999952316284,0,0
2025-03-08,12,1,3.5999999046325684,0,0
2025-03-09,12,3,3.8666667143503823,0,1
2025-03-10,12,3,3.866666634877523,0,2
2025-03-11,12,2,4.25,0,0
2025-03-12,12,1,3.799999952316284,0,0
2025-03-14,12,2,3.899999976158142,0,0
2025-03-15,12,3,4.233333428700765,0,0
2025-03-18,12,3,4.266666730244954,0,0
2025-03-19,12,1,3.5,0,0
2025-03-20,12,2,3.6999999284744263,0,1
2025-03-22,12,2,3.5,0,1
2025-03-23,12,1,4.400000095367432,0,0
2025-03-24,12,2,3.8000000715255737,0,0
2025-03-25,12,2,4.200000047683716,0,0
2025-03-28,12,2,4.450000047683716,0,0
2025-03-29,12,4,4.050000071525574,0,0
2025-03-30,12,1,4.300000190734863,0,0
2025-03-31,12,3,4.100000063578288,0,0
2025-04-01,12,2,3.8000000715255737,0,1
2025-04-02,12,1,4.199999809265137,0,0
2025-04-03,12,2,4.099999904632568,0,0
2025-04-04,12,2,4.0,0,0
2025-04-05,12,2,4.25,0,0
2025-04-06,12,2,3.350000023841858,0,2
2025-04-07,12,3,3.800000031789144,0,1
2025-04-08,12,2,3.8000000715255737,0,1
2025-04-09,12,1,3.799999952316284,0,0
2025-04-10,12,1,3.5,0,0
2025-01-10,13,2,4.150000095367432,0,0
2025-01-11,13,4,3.8749999403953552,0,0
2025-01-12,13,1,3.0,0,1
2025-01-13,13,3,3.933333237965902,0,1
2025-01-14,13,1,4.099999904632568,0,0
2025-01-15,13,4,4.099999904632568,0,0
2025-01-16,13,2,3.950000047683716,0,0
2025-01-17,13,2,3.9499999284744263,0,0
2025-01-18,13,4,3.850000023841858,0,0
2025-01-19,13,3,4.166666666666667,0,0
2025-01-20,13,5,4.1400000095367435,0,1
2025-01-21,13,5,3.9200000286102297,0,1
2025-01-22,13,1,3.5,0,1
2025-01-23,13,5,4.119999980926513,0,0
2025-01-24,13,1,3.5999999046325684,0,0
2025-01-25,13,5,4.079999923706055,0,1
2025-01-26,13,1,4.0,0,0
2025-01-27,13,3,3.699999968210856,0,0
2025-01-28,13,2,3.9499999284744263,0,0
2025-01-29,13,2,3.850000023841858,0,0
2025-01-30,13,2,4.0,0,1
2025-01-31,13,4,4.0,0,0
2025-02-01,13,3,3.8333333333333335,0,1
2025-02-02,13,5,3.900000047683716,0,0
2025-02-03,13,2,3.450000047683716,0,1
2025-02-04,13,4,3.7749999165534973,0,1
2025-02-05,13,3,4.099999984105428,0,0
2025-02-06,13,4,3.824999988079071,0,1
2025-02-07,13,1,3.700000047683716,0,0
2025-02-08,13,3,3.733333428700765,0,1
2025-02-09,13,2,3.950000047683716,0,0
2025-02-10,13,2,3.8999998569488525,0,0
2025-02-11,13,3,3.833333412806193,0,1
2025-02-12,13,3,4.366666793823242,0,0
2025-02-13,13,3,3.800000031789144,0,1
2025-02-14,13,4,4.2250001430511475,0,0
2025-02-15,13,1,3.9000000953674316,0,0
2025-02-16,13,3,4.0333333015441895,0,0
2025-02-17,13,4,4.225000023841858,0,0
2025-02-18,13,2,3.700000047683716,0,0
2025-02-19,13,1,4.400000095367432,0,0
2025-02-20,13,4,4.074999928474426,0,1
2025-02-21,13,2,4.200000047683716,0,0
2025-02-22,13,2,4.099999904632568,0,0
2025-02-23,13,4,3.950000047683716,0,0
2025-02-24,13,3,3.7333333492279053,0,1
2025-02-25,13,1,4.199999809265137,0,0
2025-02-26,13,2,4.099999904632568,0,0
2025-02-27,13,3,3.9333333174387612,0,0
2025-02-28,13,5,3.8199999809265135,0,0
2025-03-01,13,3,4.0,0,1
2025-03-02,13,3,3.866666634877523,0,2
2025-03-03,13,4,3.725000023841858,0,1
2025-03-04,13,4,4.175000011920929,0,0
2025-03-05,13,2,3.950000047683716,0,0
2025-03-06,13,2,3.9000000953674316,0,0
2025-03-07,13,4,4.050000071525574,0,0
2025-03-08,13,1,3.4000000953674316,0,1
2025-03-09,13,4,4.100000023841858,0,1
2025-03-10,13,3,4.033333381017049,0,0
2025-03-11,13,2,3.700000047683716,0,0
2025-03-12,13,2,3.399999976158142,0,1
2025-03-13,13,3,3.7333333492279053,0,0
2025-03-14,13,3,3.8999999364217124,0,1
2025-03-15,13,4,3.724999964237213,0,0
2025-03-16,13,2,3.899999976158142,0,1
2025-03-17,13,4,3.6249999403953552,0,0
2025-03-18,13,4,4.049999952316284,0,1
2025-03-19,13,2,3.649999976158142,0,0
2025-03-20,13,4,3.7499999403953552,0,2
2025-03-21,13,1,3.5999999046325684,0,1
2025-03-22,13,2,4.099999904632568,0,0
2025-03-23,13,5,3.7799999713897705,0,3
2025-03-24,13,4,3.725000023841858,0,1
2025-03-25,13,2,4.150000095367432,0,0
2025-03-26,13,4,3.9999999403953552,0,0
2025-03-27,13,3,3.8666667143503823,0,1
2025-03-28,13,1,4.0,0,0
2025-03-29,13,1,4.300000190734863,0,0
2025-03-30,13,4,3.800000011920929,0,1
2025-03-31,13,3,4.1333333651224775,0,0
2025-04-01,13,3,3.933333396911621,0,0
2025-04-02,13,2,3.450000047683716,0,1
2025-04-03,13,2,3.700000047683716,0,1
2025-04-04,13,2,3.9999998807907104,0,0
2025-04-05,13,3,4.333333333333333,0,0
2025-04-06,13,2,3.549999952316284,0,0
2025-04-07,13,3,3.8333333333333335,0,1
2025-04-08,13,3,3.8333333333333335,0,0
2025-04-09,13,3,4.400000095367432,0,0
2025-04-10,13,5,4.060000038146972,0,0
2025-01-10,14,6,3.866666634877523,0,0
2025-01-11,14,4,4.100000083446503,0,0
2025-01-12,14,3,3.9666666189829507,0,0
2025-01-13,14,4,3.6999999284744263,0,2
2025-01-14,14,3,4.133333285649617,0,0
2025-01-15,14,6,4.066666642824809,0,0
2025-01-16,14,3,3.9666665395100913,0,0
2025-01-17,14,3,3.8999999364217124,0,0
2025-01-18,14,4,3.4999998807907104,0,3
2025-01-19,14,2,3.8499999046325684,0,1
2025-01-20,14,4,3.875,0,0
2025-01-21,14,7,3.885714258466448,0,2
2025-01-22,14,5,4.040000057220459,0,0
2025-01-23,14,7,3.9571428639548167,0,1
2025-01-24,14,3,4.0,0,0
2025-01-25,14,5,4.099999952316284,0,0
2025-01-26,14,2,3.8499999046325684,0,0
2025-01-27,14,1,4.5,0,0
2025-01-28,14,4,4.000000059604645,0,0
2025-01-29,14,5,4.160000038146973,0,0
2025-01-30,14,4,3.799999952316284,0,0
2025-01-31,14,3,4.0,0,1
2025-02-01,14,4,3.724999964237213,0,0
2025-02-02,14,4,3.6999999284744263,0,2
2025-02-03,14,6,3.8333333333333335,0,0
2025-02-04,14,3,4.100000063578288,0,0
2025-02-05,14,7,3.871428523744856,0,0
2025-02-06,14,6,3.899999976158142,0,0
2025-02-07,14,3,3.7666666507720947,0,1
2025-02-08,14,4,4.050000071525574,0,0
2025-02-09,14,5,4.060000038146972,0,0
2025-02-10,14,4,3.599999964237213,0,1
2025-02-11,14,5,3.840000057220459,0,0
2025-02-12,14,4,4.1250001192092896,0,0
2025-02-13,14,6,3.6833333174387612,0,1
2025-02-14,14,4,3.949999988079071,0,0
2025-02-15,14,5,4.040000009536743,0,0
2025-02-16,14,3,4.0333333015441895,0,0
2025-02-17,14,3,3.7666666507720947,0,0
2025-02-18,14,5,4.019999980926514,0,0
2025-02-19,14,4,3.775000035762787,0,0
2025-02-20,14,4,3.9750000834465027,0,1
2025-02-21,14,4,3.774999976158142,0,1
2025-02-22,14,5,4.019999933242798,0,0
2025-02-23,14,4,4.050000011920929,0,0
2025-02-24,14,5,3.740000009536743,0,2
2025-02-25,14,3,3.900000015894572,0,0
2025-02-26,14,4,4.024999976158142,0,0
2025-02-27,14,3,4.100000063578288,0,0
2025-02-28,14,5,3.799999952316284,0,0
2025-03-01,14,3,4.066666762034099,0,0
2025-03-02,14,4,3.925000011920929,0,0
2025-03-03,14,8,3.9124999940395355,0,1
2025-03-04,14,8,3.962500035762787,0,1
2025-03-05,14,6,4.0999999443689985,0,0
2025-03-06,14,3,4.1333333651224775,0,0
2025-03-07,14,5,3.919999885559082,0,0
2025-03-08,14,3,4.066666762034099,0,1
2025-03-09,14,4,4.074999988079071,0,0
2025-03-10,14,8,3.7874999940395355,0,0
2025-03-11,14,4,3.825000047683716,0,0
2025-03-12,14,3,3.766666571299235,0,1
2025-03-13,14,3,3.8333333333333335,0,0
2025-03-14,14,6,4.066666603088379,0,0
2025-03-15,14,5,3.759999990463257,0,2
2025-03-16,14,5,3.9999999523162844,0,0
2025-03-17,14,4,4.074999988079071,0,0
2025-03-18,14,6,4.016666611035665,0,0
2025-03-19,14,7,3.999999965940203,0,1
2025-03-20,14,3,3.8666667143503823,0,0
2025-03-21,14,2,3.8499999046325684,0,0
2025-03-22,14,6,3.9166666666666665,0,0
2025-03-23,14,5,3.9400001049041746,0,1
2025-03-24,14,3,4.266666730244954,0,0
2025-03-25,14,3,4.0333333015441895,0,0
2025-03-26,14,5,3.919999933242798,0,0
2025-03-27,14,4,4.25,0,0
2025-03-28,14,4,4.100000023841858,0,0
2025-03-29,14,6,4.03333334128062,0,2
2025-03-30,14,6,4.033333381017049,0,0
2025-03-31,14,5,4.1,0,0
2025-04-01,14,6,4.133333325386047,0,0
2025-04-02,14,3,3.9666666189829507,0,0
2025-04-03,14,5,4.280000114440918,0,0
2025-04-04,14,4,4.225000023841858,0,0
2025-04-05,14,4,4.125,0,0
2025-04-06,14,5,3.9600000381469727,0,0
2025-04-07,14,4,3.724999964237213,0,1
2025-04-08,14,4,4.0,0,0
2025-04-09,14,3,3.866666634877523,0,0
2025-04-10,14,7,3.999999965940203,0,0
2025-01-10,15,8,3.825000047683716,0,1
2025-01-11,15,6,4.03333334128062,0,0
2025-01-12,15,3,3.7333333492279053,0,1
2025-01-13,15,4,4.074999928474426,0,0
2025-01-14,15,6,3.799999952316284,0,0
2025-01-15,15,6,3.933333237965902,0,0
2025-01-16,15,8,4.000000029802322,0,0
2025-01-17,15,7,3.9285714285714284,0,1
2025-01-18,15,9,4.02222220102946,0,1
2025-01-19,15,7,3.999999863760812,0,0
2025-01-20,15,5,3.9200000286102297,0,0
2025-01-21,15,6,3.8166666825612388,0,0
2025-01-22,15,8,3.9875000417232513,0,1
2025-01-23,15,6,4.116666674613953,0,0
2025-01-24,15,6,4.016666650772095,0,0
2025-01-25,15,6,4.0333333015441895,0,0
2025-01-26,15,6,4.016666650772095,0,1
2025-01-27,15,6,3.949999968210856,0,0
2025-01-28,15,4,4.049999952316284,0,0
2025-01-29,15,6,3.9166666666666665,0,0
2025-01-30,15,8,4.100000023841858,0,0
2025-01-31,15,6,4.050000071525574,0,1
2025-02-01,15,5,4.1800000190734865,0,1
2025-02-02,15,9,3.877777788374159,0,0
2025-02-03,15,6,3.8999999364217124,0,0
2025-02-04,15,8,3.712499976158142,0,1
2025-02-05,15,7,3.971428598676409,0,2
2025-02-06,15,6,3.9999999602635703,0,1
2025-02-07,15,5,4.160000038146973,0,0
2025-02-08,15,4,4.0000001192092896,0,0
2025-02-09,15,7,4.085714374269758,0,0
2025-02-10,15,5,4.119999980926513,0,0
2025-02-11,15,4,3.950000047683716,0,0
2025-02-12,15,6,3.7333333094914756,0,1
2025-02-13,15,8,3.9375000298023224,0,0
2025-02-14,15,4,3.8999999165534973,0,1
2025-02-15,15,4,4.149999976158142,0,0
2025-02-16,15,3,4.166666746139526,0,0
2025-02-17,15,4,4.400000095367432,0,0
2025-02-18,15,4,3.774999976158142,0,1
2025-02-19,15,10,3.9600000381469727,0,0
2025-02-20,15,4,3.925000011920929,0,0
2025-02-21,15,5,4.080000019073486,0,0
2025-02-22,15,5,3.900000047683716,0,0
2025-02-23,15,3,3.8999999364217124,0,0
2025-02-24,15,7,4.071428571428571,0,0
2025-02-25,15,5,3.9000000953674316,0,0
2025-02-26,15,5,3.9799999713897707,0,0
2025-02-27,15,6,4.150000015894572,0,0
2025-02-28,15,5,3.9799999713897707,0,0
2025-03-01,15,6,3.8166666428248086,0,2
2025-03-02,15,6,3.950000047683716,0,0
2025-03-03,15,7,3.9571428298950195,0,1
2025-03-04,15,10,4.0,0,2
2025-03-05,15,7,3.9857143333980014,0,0
2025-03-06,15,6,3.799999992052714,0,0
2025-03-07,15,7,4.028571401323591,0,1
2025-03-08,15,6,3.900000055631002,0,0
2025-03-09,15,6,4.03333334128062,0,0
2025-03-10,15,7,3.9571428980146135,0,1
2025-03-11,15,9,4.033333354526096,0,0
2025-03-12,15,5,3.959999990463257,0,0
2025-03-13,15,7,3.9142856938498363,0,0
2025-03-14,15,8,3.9250000417232513,0,1
2025-03-15,15,7,4.22857141494751,0,0
2025-03-16,15,7,4.042857136045184,0,0
2025-03-17,15,4,4.100000023841858,0,0
2025-03-18,15,7,4.0857142720903665,0,0
2025-03-19,15,8,4.037500023841858,0,0
2025-03-20,15,6,3.8666666746139526,0,1
2025-03-21,15,6,3.8666666746139526,0,0
2025-03-22,15,7,3.9571428298950195,0,0
2025-03-23,15,4,4.075000047683716,0,0
2025-03-24,15,10,3.959999990463257,0,0
2025-03-25,15,5,4.119999885559082,0,0
2025-03-26,15,8,4.02499994635582,0,0
2025-03-27,15,5,4.139999961853027,0,0
2025-03-28,15,6,4.133333285649617,0,0
2025-03-29,15,8,3.9749999940395355,0,0
2025-03-30,15,6,4.099999984105428,0,1
2025-03-31,15,6,3.966666658719381,0,0
2025-04-01,15,6,3.8666666746139526,0,0
2025-04-02,15,6,3.9833333492279053,0,0
2025-04-03,15,4,3.8500000834465027,0,0
2025-04-04,15,9,3.9333333174387612,0,1
2025-04-05,15,7,3.9285714285714284,0,3
2025-04-06,15,8,3.9375000298023224,0,0
2025-04-07,15,7,3.885714292526245,0,0
2025-04-08,15,5,4.020000028610229,0,0
2025-04-09,15,3,4.1333333651224775,0,0
2025-04-10,15,5,4.260000085830688,0,0
2025-01-10,16,3,4.0333333015441895,0,0
2025-01-11,16,3,4.200000047683716,0,0
2025-01-12,16,2,3.5500000715255737,0,2
2025-01-13,16,2,4.0000001192092896,0,0
2025-01-14,16,1,4.400000095367432,0,0
2025-01-15,16,2,3.549999952316284,0,1
2025-01-16,16,2,3.649999976158142,0,1
2025-01-17,16,1,4.0,0,1
2025-01-18,16,2,3.9499999284744263,0,0
2025-01-19,16,2,4.0,0,0
2025-01-20,16,2,3.5,0,1
2025-01-21,16,2,4.0,0,0
2025-01-22,16,2,3.399999976158142,0,1
2025-01-23,16,2,3.200000047683716,0,2
2025-01-24,16,2,3.6500000953674316,0,2
2025-01-25,16,3,4.233333428700765,0,0
2025-01-27,16,1,3.9000000953674316,0,0
2025-01-29,16,3,4.0333333015441895,0,0
2025-01-30,16,1,3.5,0,0
2025-01-31,16,2,3.8499999046325684,0,0
2025-02-02,16,2,4.25,0,0
2025-02-03,16,1,4.400000095367432,0,0
2025-02-06,16,2,4.150000095367432,0,0
2025-02-07,16,1,3.5,0,1
2025-02-08,16,2,3.8999998569488525,0,1
2025-02-09,16,2,4.100000023841858,0,1
2025-02-10,16,2,3.75,0,1
2025-02-11,16,2,3.5999999046325684,0,0
2025-02-12,16,1,3.5,0,1
2025-02-13,16,1,3.5999999046325684,0,0
2025-02-14,16,2,4.25,0,0
2025-02-15,16,1,3.5,0,0
2025-02-16,16,1,4.300000190734863,0,0
2025-02-17,16,2,3.75,0,1
2025-02-18,16,1,3.700000047683716,0,0
2025-02-20,16,2,3.6999999284744263,0,0
2025-02-21,16,2,4.300000190734863,0,0
2025-02-23,16,1,3.700000047683716,0,1
2025-02-25,16,1,3.700000047683716,0,1
2025-02-26,16,1,4.0,0,0
2025-02-27,16,2,4.299999952316284,0,0
2025-02-28,16,2,3.9499999284744263,0,1
2025-03-01,16,1,4.0,0,0
2025-03-02,16,2,3.899999976158142,0,0
2025-03-03,16,3,4.099999984105428,0,0
2025-03-04,16,3,3.699999968210856,0,1
2025-03-05,16,2,3.649999976158142,0,1
2025-03-06,16,1,4.099999904632568,0,0
2025-03-07,16,1,4.0,0,0
2025-03-08,16,2,3.5,0,1
2025-03-09,16,3,3.9666666189829507,0,1
2025-03-10,16,1,4.300000190734863,0,0
2025-03-11,16,1,3.700000047683716,0,0
2025-03-12,16,1,3.799999952316284,0,0
2025-03-13,16,2,4.299999952316284,0,0
2025-03-14,16,1,4.199999809265137,0,0
2025-03-15,16,2,4.400000095367432,0,0
2025-03-16,16,3,3.700000047683716,0,2
2025-03-17,16,1,4.300000190734863,0,0
2025-03-18,16,2,3.7500001192092896,0,1
2025-03-19,16,2,3.8499999046325684,0,0
2025-03-20,16,3,4.133333444595337,0,0
2025-03-22,16,3,3.699999968210856,0,0
2025-03-23,16,3,4.099999984105428,0,0
2025-03-24,16,2,3.9499999284744263,0,0
2025-03-25,16,3,3.933333237965902,0,0
2025-03-26,16,2,3.549999952316284,0,1
2025-03-27,16,2,3.549999952316284,0,2
2025-03-28,16,3,3.7333332697550454,0,1
2025-03-29,16,1,3.700000047683716,0,0
2025-03-30,16,3,4.1333333651224775,0,0
2025-03-31,16,1,3.5,0,1
2025-04-01,16,2,3.5500000715255737,0,1
2025-04-02,16,1,3.9000000953674316,0,0
2025-04-03,16,1,4.0,0,1
2025-04-04,16,2,3.9000000953674316,0,0
2025-04-05,16,2,3.5,0,1
2025-04-06,16,3,3.2666666507720947,0,3
2025-04-07,16,2,4.450000047683716,0,0
2025-04-08,16,2,3.649999976158142,0,0
2025-04-10,16,1,3.0999999046325684,0,1
2025-01-10,17,2,3.649999976158142,0,0
2025-01-11,17,3,3.866666634877523,0,1
2025-01-12,17,3,3.4666666984558105,0,2
2025-01-13,17,2,3.9999998807907104,0,0
2025-01-14,17,3,3.799999952316284,0,1
2025-01-15,17,3,3.800000031789144,0,0
2025-01-16,17,3,3.6666666666666665,0,0
2025-01-17,17,3,3.9333333174387612,0,0
2025-01-18,17,4,3.949999988079071,0,0
2025-01-19,17,2,4.150000095367432,0,0
2025-01-20,17,4,4.200000047683716,0,0
2025-01-21,17,5,3.9,0,0
2025-01-22,17,4,4.000000059604645,0,0
2025-01-23,17,4,3.675000011920929,0,1
2025-01-24,17,3,4.133333206176758,0,0
2025-01-25,17,4,4.199999928474426,0,0
2025-01-26,17,2,3.5999999046325684,0,1
2025-01-27,17,1,3.9000000953674316,0,0
2025-01-28,17,4,3.9999999403953552,0,0
2025-01-29,17,4,3.924999952316284,0,0
2025-01-30,17,3,4.166666746139526,0,1
2025-01-31,17,4,3.875,0,0
2025-02-01,17,2,3.5500000715255737,0,1
2025-02-02,17,3,4.0333333015441895,0,0
2025-02-03,17,3,4.133333206176758,0,0
2025-02-04,17,5,3.9999999523162844,0,1
2025-02-05,17,4,4.099999964237213,0,0
2025-02-06,17,5,3.9999999523162844,0,0
2025-02-07,17,5,3.8400000095367433,0,1
2025-02-08,17,4,4.199999928474426,0,0
2025-02-09,17,3,4.233333428700765,0,0
2025-02-10,17,3,4.066666762034099,0,0
2025-02-11,17,1,4.099999904632568,0,0
2025-02-12,17,3,4.233333428700765,0,0
2025-02-13,17,1,3.4000000953674316,0,1
2025-02-14,17,3,3.866666555404663,0,0
2025-02-15,17,1,3.5999999046325684,0,0
2025-02-16,17,3,4.0333333015441895,0,0
2025-02-17,17,4,3.700000047683716,0,2
2025-02-18,17,1,3.700000047683716,0,0
2025-02-19,17,5,3.859999990463257,0,2
2025-02-20,17,3,3.800000031789144,0,0
2025-02-21,17,4,3.949999988079071,0,1
2025-02-22,17,3,3.633333365122477,0,2
2025-02-23,17,3,4.200000127156575,0,0
2025-02-24,17,1,3.9000000953674316,0,0
2025-02-26,17,1,3.9000000953674316,0,0
2025-02-27,17,4,3.599999964237213,0,1
2025-02-28,17,3,4.100000063578288,0,0
2025-03-01,17,3,4.266666730244954,0,0
2025-03-02,17,3,3.700000047683716,0,1
2025-03-03,17,3,3.699999968210856,0,1
2025-03-04,17,3,3.7666666507720947,0,0
2025-03-05,17,3,4.066666682561238,0,1
2025-03-06,17,2,3.6999999284744263,0,0
2025-03-07,17,2,3.799999952316284,0,1
2025-03-08,17,2,4.099999904632568,0,0
2025-03-09,17,3,3.8666667143503823,0,0
2025-03-10,17,5,3.9199999809265136,0,0
2025-03-11,17,4,3.649999976158142,0,2
2025-03-12,17,3,4.166666746139526,0,0
2025-03-13,17,4,3.550000011920929,0,2
2025-03-14,17,2,3.5,0,1
2025-03-15,17,3,3.900000015894572,0,1
2025-03-16,17,1,3.5999999046325684,0,0
2025-03-17,17,2,3.8499999046325684,0,0
2025-03-18,17,2,4.0,0,0
2025-03-19,17,3,3.800000031789144,0,0
2025-03-20,17,2,3.8499999046325684,0,1
2025-03-21,17,2,3.799999952316284,0,1
2025-03-22,17,3,4.300000031789144,0,0
2025-03-23,17,2,3.450000047683716,0,1
2025-03-24,17,5,3.859999990463257,0,1
2025-03-25,17,2,3.9499999284744263,0,0
2025-03-26,17,2,4.150000095367432,0,0
2025-03-27,17,1,3.700000047683716,0,0
2025-03-28,17,4,3.75,0,1
2025-03-29,17,3,3.7333333492279053,0,1
2025-03-30,17,6,3.916666626930237,0,1
2025-03-31,17,3,4.066666603088379,0,0
2025-04-01,17,5,3.840000104904175,0,1
2025-04-02,17,1,3.0,0,1
2025-04-03,17,3,3.8666667143503823,0,0
2025-04-04,17,4,3.850000023841858,0,1
2025-04-05,17,1,4.0,0,0
2025-04-06,17,3,4.0,0,1
2025-04-07,17,1,3.700000047683716,0,0
2025-04-08,17,3,3.700000047683716,0,1
2025-04-09,17,3,3.5,0,2
2025-04-10,17,3,3.6333332856496177,0,1
2025-01-10,18,5,4.019999933242798,0,0
2025-01-11,18,4,3.9999999403953552,0,0
2025-01-12,18,1,3.5,0,0
2025-01-13,18,3,3.7333332697550454,0,0
2025-01-14,18,4,3.900000035762787,0,1
2025-01-15,18,7,4.000000068119594,0,1
2025-01-16,18,5,4.07999997138977,0,0
2025-01-17,18,4,4.149999976158142,0,0
2025-01-18,18,4,3.775000035762787,0,2
2025-01-19,18,5,3.5000000476837156,0,2
2025-01-20,18,4,3.949999988079071,0,0
2025-01-21,18,8,3.8875000178813934,0,1
2025-01-22,18,8,4.100000023841858,0,2
2025-01-23,18,6,3.966666658719381,0,1
2025-01-24,18,1,3.5999999046325684,0,0
2025-01-25,18,5,4.059999942779541,0,0
2025-01-26,18,3,3.933333237965902,0,0
2025-01-27,18,2,4.0000001192092896,0,0
2025-01-28,18,3,4.033333381017049,0,0
2025-01-29,18,5,4.019999933242798,0,0
2025-01-30,18,6,4.083333293596904,0,0
2025-01-31,18,3,4.099999984105428,0,1
2025-02-01,18,4,3.8999999165534973,0,0
2025-02-02,18,3,3.833333412806193,0,1
2025-02-03,18,6,3.7833333015441895,0,1
2025-02-04,18,5,4.000000047683716,0,0
2025-02-05,18,6,3.7833333015441895,0,0
2025-02-06,18,5,4.020000028610229,0,0
2025-02-07,18,5,3.840000057220459,0,0
2025-02-08,18,3,4.0333333015441895,0,0
2025-02-09,18,5,3.9,0,1
2025-02-10,18,6,3.8833333253860474,0,2
2025-02-11,18,3,3.900000015894572,0,1
2025-02-12,18,4,3.800000011920929,0,1
2025-02-13,18,6,4.049999952316284,0,0
2025-02-14,18,4,3.825000047683716,0,0
2025-02-15,18,4,4.175000071525574,0,0
2025-02-16,18,4,3.800000011920929,0,2
2025-02-17,18,4,3.925000011920929,0,0
2025-02-18,18,1,3.5,0,0
2025-02-19,18,8,3.8499999940395355,0,0
2025-02-20,18,6,3.866666634877523,0,0
2025-02-21,18,5,3.7399999618530275,0,1
2025-02-22,18,3,3.6666666666666665,0,0
2025-02-23,18,6,3.8833333253860474,0,1
2025-02-24,18,4,3.649999976158142,0,1
2025-02-25,18,3,3.6666666666666665,0,0
2025-02-26,18,5,3.640000009536743,0,2
2025-02-27,18,4,3.674999952316284,0,0
2025-02-28,18,6,3.949999968210856,0,1
2025-03-01,18,4,3.899999976158142,0,1
2025-03-02,18,2,4.0,0,0
2025-03-03,18,7,3.5857142380305698,0,1
2025-03-04,18,5,3.8999999523162843,0,1
2025-03-05,18,6,4.083333293596904,0,1
2025-03-06,18,5,3.8799999237060545,0,1
2025-03-07,18,6,4.016666650772095,0,1
2025-03-08,18,3,4.1333333651224775,0,0
2025-03-09,18,5,3.9399999618530273,0,0
2025-03-10,18,7,3.971428598676409,0,0
2025-03-11,18,2,3.950000047683716,0,0
2025-03-12,18,4,3.824999988079071,0,1
2025-03-13,18,3,4.300000031789144,0,0
2025-03-14,18,4,4.0,0,0
2025-03-15,18,5,3.5199999809265137,0,2
2025-03-16,18,3,3.666666587193807,0,1
2025-03-17,18,4,4.125,0,0
2025-03-18,18,4,3.800000011920929,0,2
2025-03-19,18,5,3.859999942779541,0,0
2025-03-20,18,5,4.1200000762939455,0,0
2025-03-21,18,3,4.233333269755046,0,0
2025-03-22,18,5,3.8400000095367433,0,1
2025-03-23,18,6,3.849999984105428,0,1
2025-03-24,18,5,3.9800000190734863,0,0
2025-03-25,18,4,3.950000047683716,0,0
2025-03-26,18,6,4.1500000556310015,0,0
2025-03-27,18,3,3.900000015894572,0,0
2025-03-28,18,5,4.12000002861023,0,0
2025-03-29,18,4,4.050000011920929,0,0
2025-03-30,18,3,4.133333444595337,0,1
2025-03-31,18,4,4.2500001192092896,0,0
2025-04-01,18,4,3.975000023841858,0,0
2025-04-02,18,3,3.933333396911621,0,0
2025-04-03,18,4,4.375,0,0
2025-04-04,18,4,3.900000035762787,0,0
2025-04-05,18,6,3.9999999602635703,0,0
2025-04-06,18,5,3.659999942779541,0,1
2025-04-07,18,5,3.6799999237060548,0,1
2025-04-08,18,2,4.0,0,0
2025-04-09,18,5,4.220000076293945,0,0
2025-04-10,18,6,3.799999992052714,0,1
2025-01-10,19,6,4.150000015894572,0,0
2025-01-11,19,4,4.125000059604645,0,0
2025-01-12,19,5,4.020000028610229,0,0
2025-01-13,19,5,3.9199999809265136,0,0
2025-01-14,19,8,4.0875000059604645,0,0
2025-01-15,19,6,3.8166666825612388,0,1
2025-01-16,19,7,3.9142856938498363,0,0
2025-01-17,19,2,3.75,0,0
2025-01-18,19,7,3.800000020435878,0,1
2025-01-19,19,7,3.7714286191122874,0,0
2025-01-20,19,6,4.116666674613953,0,1
2025-01-21,19,7,4.12857140813555,0,1
2025-01-22,19,6,4.133333325386047,0,0
2025-01-23,19,7,3.9857142993382046,0,0
2025-01-24,19,6,4.049999952316284,0,0
2025-01-25,19,4,3.774999976158142,0,1
2025-01-26,19,5,4.000000047683716,0,0
2025-01-27,19,4,4.0,0,1
2025-01-28,19,5,4.100000095367432,0,0
2025-01-29,19,8,3.887499988079071,0,0
2025-01-30,19,5,3.7999999046325685,0,0
2025-01-31,19,5,4.039999961853027,0,0
2025-02-01,19,4,4.300000071525574,0,0
2025-02-02,19,6,4.083333333333333,0,1
2025-02-03,19,8,3.737500011920929,0,2
2025-02-04,19,8,4.024999976158142,0,1
2025-02-05,19,7,4.028571503502982,0,1
2025-02-06,19,7,3.842857156481062,0,1
2025-02-07,19,6,4.183333396911621,0,0
2025-02-08,19,4,3.799999952316284,0,0
2025-02-09,19,3,3.933333396911621,0,1
2025-02-10,19,5,3.7999999046325685,0,0
2025-02-11,19,5,3.800000047683716,0,2
2025-02-12,19,7,3.9857142652784074,0,0
2025-02-13,19,7,4.028571435383388,0,0
2025-02-14,19,3,3.7999998728434243,0,0
2025-02-15,19,5,3.8199999809265135,0,0
2025-02-16,19,3,3.933333396911621,0,0
2025-02-17,19,6,4.066666682561238,0,0
2025-02-18,19,6,4.016666730244954,0,0
2025-02-19,19,5,3.940000057220459,0,0
2025-02-20,19,5,4.000000047683716,0,0
2025-02-21,19,8,3.9124999344348907,0,0
2025-02-22,19,5,4.12000002861023,0,1
2025-02-23,19,6,3.9833332697550454,0,0
2025-02-24,19,6,3.9166667461395264,0,1
2025-02-25,19,9,4.088888857099745,0,0
2025-02-26,19,6,3.9166667064030967,0,1
2025-02-27,19,5,4.060000085830689,0,1
2025-02-28,19,7,4.028571503502982,0,0
2025-03-01,19,4,3.899999976158142,0,0
2025-03-02,19,5,3.9800000190734863,0,0
2025-03-03,19,7,4.200000013623919,0,0
2025-03-04,19,6,3.966666658719381,0,0
2025-03-05,19,5,4.1400000095367435,0,0
2025-03-06,19,7,4.057142836706979,0,0
2025-03-07,19,6,3.966666658719381,0,0
2025-03-08,19,6,4.1333333651224775,0,0
2025-03-09,19,7,3.914285727909633,0,0
2025-03-10,19,7,4.057142836706979,0,0
2025-03-11,19,4,4.049999892711639,0,0
2025-03-12,19,4,3.875,0,0
2025-03-13,19,8,4.012500017881393,0,0
2025-03-14,19,7,4.128571510314941,0,1
2025-03-15,19,7,3.914285727909633,0,0
2025-03-16,19,5,3.980000066757202,0,1
2025-03-17,19,6,3.8166666825612388,0,0
2025-03-18,19,7,3.971428564616612,0,0
2025-03-19,19,7,3.971428564616612,0,0
2025-03-20,19,6,4.116666754086812,0,0
2025-03-21,19,7,3.9571428639548167,0,1
2025-03-22,19,5,3.959999942779541,0,0
2025-03-23,19,7,3.800000020435878,0,0
2025-03-24,19,5,4.1000001430511475,0,0
2025-03-25,19,3,4.066666603088379,0,0
2025-03-26,19,7,3.9571428639548167,0,0
2025-03-27,19,5,4.0,0,0
2025-03-28,19,6,4.116666674613953,0,0
2025-03-29,19,6,4.250000079472859,0,0
2025-03-30,19,6,3.8166666825612388,0,0
2025-03-31,19,7,3.914285659790039,0,0
2025-04-01,19,5,4.1800000190734865,0,0
2025-04-02,19,4,3.925000011920929,0,0
2025-04-03,19,4,4.275000095367432,0,0
2025-04-04,19,5,4.039999961853027,0,0
2025-04-05,19,7,4.042857101985386,0,0
2025-04-06,19,5,4.1,0,0
2025-04-07,19,6,3.8666666746139526,0,0
2025-04-08,19,5,3.9199999809265136,0,0
2025-04-09,19,6,4.083333373069763,0,1
2025-04-10,19,9,3.966666645473904,0,2
2025-01-10,20,3,4.099999984105428,0,0
2025-01-11,20,2,3.9000000953674316,0,0
2025-01-13,20,2,3.8499999046325684,0,0
2025-01-14,20,3,3.599999984105428,0,1
2025-01-15,20,2,3.9000000953674316,0,1
2025-01-16,20,1,4.099999904632568,0,0
2025-01-18,20,3,3.800000031789144,0,0
2025-01-19,20,2,3.600000023841858,0,0
2025-01-20,20,3,3.7333332697550454,0,0
2025-01-21,20,1,4.199999809265137,0,0
2025-01-22,20,3,4.166666666666667,0,0
2025-01-23,20,2,3.5999999046325684,0,0
2025-01-24,20,1,4.099999904632568,0,0
2025-01-25,20,2,3.6999999284744263,0,1
2025-01-27,20,1,4.300000190734863,0,0
2025-01-28,20,1,3.5,0,0
2025-01-29,20,2,3.5999999046325684,0,0
2025-01-30,20,3,3.933333237965902,0,0
2025-01-31,20,1,3.9000000953674316,0,0
2025-02-01,20,1,4.099999904632568,0,0
2025-02-02,20,2,3.8499999046325684,0,0
2025-02-03,20,2,3.8499999046325684,0,1
2025-02-04,20,1,4.300000190734863,0,0
2025-02-05,20,2,3.700000047683716,0,1
2025-02-06,20,3,4.0,0,0
2025-02-07,20,2,3.700000047683716,0,1
2025-02-08,20,3,4.1333333651224775,0,0
2025-02-09,20,3,3.699999968210856,0,0
2025-02-10,20,2,4.0,0,1
2025-02-11,20,2,3.850000023841858,0,1
2025-02-12,20,2,4.0,0,0
2025-02-13,20,3,3.699999968210856,0,0
2025-02-14,20,2,3.799999952316284,0,0
2025-02-16,20,1,3.5999999046325684,0,0
2025-02-17,20,2,3.399999976158142,0,1
2025-02-19,20,2,4.099999904632568,0,1
2025-02-20,20,2,3.799999952316284,0,0
2025-02-21,20,2,4.0,0,0
2025-02-22,20,2,3.75,0,1
2025-02-24,20,2,4.049999952316284,0,0
2025-02-25,20,1,3.799999952316284,0,0
2025-02-27,20,1,3.5,0,0
2025-03-01,20,2,3.9499999284744263,0,0
2025-03-02,20,2,4.400000095367432,0,0
2025-03-03,20,2,3.5999999046325684,0,1
2025-03-04,20,3,3.866666555404663,0,1
2025-03-05,20,1,4.199999809265137,0,0
2025-03-06,20,1,3.200000047683716,0,1
2025-03-07,20,1,4.300000190734863,0,0
2025-03-08,20,3,3.7333333492279053,0,1
2025-03-09,20,2,4.150000095367432,0,0
2025-03-10,20,1,3.9000000953674316,0,0
2025-03-11,20,2,4.050000071525574,0,0
2025-03-12,20,1,4.199999809265137,0,0
2025-03-13,20,2,3.549999952316284,0,1
2025-03-14,20,3,3.933333237965902,0,0
2025-03-15,20,1,3.5999999046325684,0,0
2025-03-16,20,2,4.0,0,0
2025-03-17,20,2,3.8999998569488525,0,0
2025-03-18,20,3,3.9333333174387612,0,1
2025-03-19,20,1,3.799999952316284,0,1
2025-03-20,20,3,3.8666667143503823,0,1
2025-03-21,20,1,4.099999904632568,0,0
2025-03-23,20,1,3.5999999046325684,0,0
2025-03-24,20,2,4.0,0,0
2025-03-25,20,1,3.5,0,0
2025-03-26,20,1,3.5999999046325684,0,0
2025-03-27,20,2,3.850000023841858,0,1
2025-03-28,20,3,3.6999998887379966,0,1
2025-03-29,20,3,3.4333333174387612,0,3
2025-03-30,20,2,4.25,0,0
2025-03-31,20,2,3.649999976158142,0,1
2025-04-01,20,2,3.899999976158142,0,1
2025-04-02,20,3,4.200000047683716,0,0
2025-04-04,20,3,3.933333396911621,0,0
2025-04-05,20,2,3.600000023841858,0,0
2025-04-06,20,2,3.4499999284744263,0,2
2025-04-07,20,2,4.300000190734863,0,0
2025-04-08,20,1,4.099999904632568,0,0
2025-04-10,20,1,3.5999999046325684,0,1
